<!-- modify_challan_date.xml -->
<databaseChangeLog
        xmlns="http://www.liquibase.org/xml/ns/dbchangelog"
        xmlns:xsi="http://www.w3.org/2001/XMLSchema-instance"
        xsi:schemaLocation="
      http://www.liquibase.org/xml/ns/dbchangelog
      http://www.liquibase.org/xml/ns/dbchangelog/dbchangelog-3.8.xsd">

    <changeSet id="2025-06-02-modify-date-column" author="Pravendra Kumar">
        <preConditions onFail="MARK_RAN">
            <columnExists tableName="challan" columnName="date"/>
        </preConditions>

        <dropColumn tableName="challan" columnName="date"/>

        <addColumn tableName="challan">
            <column name="date" type="date" defaultValueComputed="CURRENT_DATE"/>
        </addColumn>
    </changeSet>
</databaseChangeLog>